timestamp,TrackID,TrackID_new,x,y,ANG,A,B,theata1,theta2,theta3
4/29/20 21:01,1,4,-8.20365178,-3.212369282,3.873794688,0.26320168,0.079168339,256.6536825,232.5683804,200.3865573
4/29/20 21:02,1,4,-8.059733627,-3.300624618,3.889134843,0.598812611,0.181221798,256.3310918,230.489462,199.8362553
4/29/20 21:03,1,4,-7.936854548,-3.388896364,3.90316845,0.910227794,0.276918603,256.008501,228.5430597,199.4044502
4/29/20 21:04,1,4,-8.037791938,-3.5364701,3.906150706,0.551521271,0.163934236,254.7280765,229.3935263,198.9792169
4/29/20 21:05,1,4,-8.023412085,-3.6498267,3.913606313,0.019136041,0.005629897,253.1688878,230.2439928,197.7887347
4/29/20 21:06,1,4,-7.986536435,-3.740678834,3.920841111,0.495777463,0.145384067,251.7444775,231.025928,196.5684998
4/29/20 21:07,1,4,-7.976081275,-3.694881228,3.918718468,0.3726139,0.109683418,252.1697108,230.8673664,196.8085765
4/29/20 21:08,1,4,-8.008806568,-3.683031624,3.916205867,0.237356588,0.069739539,252.5386372,230.7088049,197.2338098
4/29/20 21:09,1,4,-7.899159389,-3.653765307,3.920848106,0.313714525,0.093131997,252.2857958,230.5502433,196.5514662
4/29/20 21:10,1,4,-7.769281204,-3.610711601,3.925826682,0.39959901,0.120189149,252.0329544,230.3916817,195.7495977
4/29/20 21:11,1,4,-7.642667578,-3.568637538,3.930697287,0.481387135,0.146669268,251.7801129,230.2331201,194.9477291
4/29/20 21:12,1,4,-7.426332893,-3.51153252,3.939919431,0.660272647,0.205535948,251.1654897,230.0092917,193.4158777
4/29/20 21:13,1,4,-7.189498067,-3.451906836,3.950152816,0.854626747,0.272484138,250.4269266,229.763104,191.6339478
4/29/20 21:14,1,4,-6.96485923,-3.395721403,3.959765252,1.028865221,0.335769435,249.6883634,229.5169162,189.8520175
4/29/20 21:15,1,4,-6.732798442,-3.305343469,3.967454512,1.153653331,0.386826496,249.1834862,229.2675274,188.0700876
4/29/20 21:16,1,4,-6.973662179,-3.487258697,3.96566137,1.015209657,0.32802044,249.1834862,229.0112224,189.7786272
4/29/20 21:17,1,4,-7.225754891,-3.677724656,3.963275188,0.854805985,0.266060742,249.1834862,228.7549173,191.4258645
4/29/20 21:18,1,4,-7.209624331,-3.602158709,3.959862971,0.676180697,0.211750267,249.8988792,228.4986123,191.8156616
4/29/20 21:19,1,4,-7.176423617,-3.495293223,3.955427277,0.475068155,0.150351558,250.8042145,228.2423073,192.2054588
4/29/20 21:20,1,4,-7.144418156,-3.39134033,3.951018597,0.279241825,0.089346502,251.70955,227.9860023,192.5952561
4/29/20 21:21,1,4,-7.124770894,-3.310684392,3.947291971,0.103028558,0.033247465,252.4899842,227.7296973,192.9850532
4/29/20 21:22,1,4,-7.119113924,-3.362900824,3.951297876,0.095377946,0.030635027,252.1440551,227.4075403,192.8476051
4/29/20 21:23,1,4,-7.10324564,-3.421925444,3.956367038,0.107507834,0.03437092,251.6877071,227.0610539,192.5947636
4/29/20 21:24,1,4,-7.094206522,-3.476780159,3.960599145,0.148566623,0.047276865,251.2313592,226.8665602,192.3419222
4/29/20 21:25,1,4,-7.08378591,-3.486568943,3.96167492,0.235984316,0.075095437,250.9815176,227.0366535,192.0890807
4/29/20 21:26,1,4,-7.004877821,-3.367274742,3.958630952,0.234597857,0.07592358,251.5012472,227.2067468,191.8362393
4/29/20 21:27,1,4,-6.928383142,-3.251660498,3.955601606,0.233034685,0.076676715,252.0209767,227.3768401,191.5833979
4/29/20 21:28,1,4,-6.852981203,-3.138758982,3.952608075,0.232066638,0.077622773,252.5407064,227.5469334,191.3225529
4/29/20 21:29,1,4,-6.813189395,-3.101122223,3.952321802,0.287749852,0.096902929,252.559633,227.7170268,191.0141419
4/29/20 21:30,1,4,-6.775547242,-3.066906128,3.952107473,0.343899992,0.116552968,252.559633,227.8871201,190.705731
4/29/20 21:31,1,4,-6.738488747,-3.033158334,3.951866746,0.398535562,0.1359322,252.559633,228.0572134,190.39732
4/29/20 21:32,1,4,-6.702008088,-2.999871006,3.951599181,0.451678809,0.155039651,252.559633,228.2273067,190.088909
4/29/20 21:33,1,4,-6.666099717,-2.967036555,3.951304334,0.503353165,0.1738747,252.559633,228.3974001,189.780498
4/29/20 21:34,1,4,-6.632780505,-2.933423584,3.950720419,0.560592648,0.194884507,252.559633,228.6127073,189.472087
4/29/20 21:35,1,4,-6.603448077,-2.898170221,3.94965909,0.62787449,0.219690809,252.559633,228.9050552,189.1636761
4/29/20 21:36,1,4,-6.572358283,-2.858922084,3.948405772,0.689676469,0.243026192,252.5903361,229.197403,188.8552651
4/29/20 21:37,1,4,-6.450622765,-2.668231759,3.943054398,0.547969621,0.198446648,253.8660359,229.0663696,188.6760215
4/29/20 21:38,1,4,-6.324178865,-2.514463154,3.940979078,0.365063986,0.135467563,255.0353407,228.4816739,188.5059281
4/29/20 21:39,1,4,-6.374674334,-2.70814155,3.951790874,0.432504747,0.156660304,253.5960898,227.896978,188.3358348
4/29/20 21:40,1,4,-6.34244491,-2.733642839,3.956122327,0.388080386,0.140455265,253.4036697,227.367272,188.1657415
4/29/20 21:41,1,4,-6.298587235,-2.731457276,3.959248748,0.330851069,0.120096674,253.4036697,226.8748966,187.9956482
4/29/20 21:42,1,4,-6.229735491,-2.712661814,3.962707504,0.290470993,0.1061439,253.4036697,226.3825211,187.6272298
4/29/20 21:43,1,4,-6.164460366,-2.691419297,3.965673593,0.263361257,0.096891701,253.4036697,225.9724771,187.2530245
4/29/20 21:44,1,4,-6.166992279,-2.71563645,3.967119988,0.293760429,0.107779094,253.1575142,225.9724771,187.146789
4/29/20 21:45,1,4,-6.211635165,-2.809517977,3.970743062,0.356764925,0.129176952,252.4645413,225.9724771,187.146789
4/29/20 21:46,1,4,-6.296941625,-2.932674541,3.973909493,0.397790193,0.141301518,251.7715686,225.9724771,187.4541786
4/29/20 21:47,1,4,-6.270263569,-2.808722349,3.96735552,0.261840437,0.094388389,252.8882564,225.9724771,187.8283839
4/29/20 21:48,1,4,-6.140803544,-2.607210326,3.961463208,0.181670535,0.067564412,254.1639564,225.9724771,187.4506124
4/29/20 21:49,1,4,-6.084009996,-2.770085647,3.976979763,0.272572192,0.099936804,252.4995133,225.0257443,186.496007
4/29/20 21:50,1,4,-5.987236091,-2.935996875,3.996134682,0.266319453,0.096374455,250.8974187,223.4248952,185.5414017
4/29/20 21:51,1,4,-5.841954424,-2.83424671,3.998404692,0.275409899,0.101789058,251.0964638,223.0350978,184.5867961
4/29/20 21:52,1,4,-5.70105957,-2.735592347,4.000462531,0.285996059,0.107918817,251.2955092,222.6453006,183.619884
4/29/20 21:53,1,4,-5.57504692,-2.631070752,4.000391982,0.34458258,0.132807056,251.4945546,222.5963303,182.5804249
4/29/20 21:54,1,4,-5.457361778,-2.530824219,3.999754396,0.404809219,0.159250574,251.6936,222.5963303,181.5409656
4/29/20 21:55,1,4,-5.451761183,-2.708190634,4.011534102,0.638279624,0.24617899,249.6352702,222.5963303,180.5015064
4/29/20 21:56,1,4,-5.30564947,-2.756163651,4.026259902,0.571196763,0.220582485,248.7862232,220.9179232,179.5289532
4/29/20 21:57,1,4,-5.201310365,-2.808440589,4.039955161,0.40361366,0.155371305,248.2938478,219.0468967,179.2761118
4/29/20 21:58,1,4,-5.175886864,-2.851910424,4.045191987,0.411132108,0.157551328,247.8014724,218.6489369,179.0232704
4/29/20 21:59,1,4,-5.181422288,-2.850972286,4.043672938,0.492814936,0.188981772,247.642913,219.0741703,178.7704289
4/29/20 22:00,1,4,-5.115818139,-2.785609786,4.043859506,0.425476864,0.165056672,248.0327101,218.6058994,178.5317501
4/29/20 22:01,1,4,-5.026355654,-2.72297,4.046626912,0.306982815,0.120558953,248.4225073,217.6703861,178.2978718
4/29/20 22:02,1,4,-4.970505142,-2.660216202,4.046024843,0.26034193,0.103412441,248.8123046,217.3276903,178.0639934
4/29/20 22:03,1,4,-4.925197183,-2.60418668,4.045034184,0.226379804,0.090836082,249.1733323,217.0878151,177.8623853
4/29/20 22:04,1,4,-4.920278473,-2.629112724,4.047650504,0.213189447,0.085257014,248.9607156,216.8479398,177.8623853
4/29/20 22:05,1,4,-4.915288217,-2.654062217,4.050271649,0.199779943,0.079626254,248.748099,216.6080646,177.8623853
4/29/20 22:06,1,4,-4.910226561,-2.679035634,4.052897563,0.186148906,0.073943702,248.5354823,216.3681894,177.8623853
4/29/20 22:07,1,4,-4.910815705,-2.721943605,4.056482156,0.181690657,0.071727431,248.1710594,216.1283142,177.8623853
4/29/20 22:08,1,4,-4.963548969,-2.971653234,4.071597083,0.309658372,0.117769496,246.0121826,215.888439,177.6837311
4/29/20 22:09,1,4,-4.906850337,-2.908071167,4.071292513,0.25188342,0.096868318,246.3846675,215.4810157,177.4846857
4/29/20 22:10,1,4,-4.83920498,-2.813624332,4.069432224,0.175700546,0.068675639,247.0225176,215.0355331,177.2856403
4/29/20 22:11,1,4,-4.77316873,-2.721961596,4.06755559,0.1040673,0.041339654,247.6603675,214.5900506,177.0865949
4/29/20 22:12,1,4,-4.691028994,-2.61703199,4.065308426,0.05980592,0.024220725,248.2982175,214.1825522,176.6636819
4/29/20 22:13,1,4,-4.69990534,-2.57716252,4.059072374,0.210986804,0.085953963,248.3394495,215.2220115,176.1239626
4/29/20 22:14,1,4,-4.711105625,-2.542485865,4.052830091,0.359039053,0.14708192,248.3394495,216.2614707,175.5842434
4/29/20 22:15,1,4,-4.690874238,-2.696441972,4.06617976,0.443124982,0.177741249,246.6457631,215.6852173,175.0445242
4/29/20 22:16,1,4,-4.644125971,-2.850034208,4.082176827,0.483353428,0.189931635,244.9633028,214.6896423,174.504805
4/29/20 22:17,1,4,-4.583008365,-2.819581149,4.084522307,0.452674189,0.17905663,244.9633028,214.1699127,174.1388034
4/29/20 22:18,1,4,-4.522986314,-2.789564949,4.086812255,0.422660253,0.168282678,244.9633028,213.6501831,173.7789906
4/29/20 22:19,1,4,-4.462626744,-2.756040673,4.088824704,0.391893052,0.157150051,244.993903,213.1304535,173.4191777
4/29/20 22:20,1,4,-4.392727984,-2.682407086,4.088282142,0.341675169,0.13890567,245.3837002,212.6107239,173.0593649
4/29/20 22:21,1,4,-4.36983686,-2.625427513,4.084696947,0.344792896,0.141581295,245.7734974,212.7018251,172.8388626
4/29/20 22:22,1,4,-4.442834071,-2.807093145,4.093586037,0.455231948,0.181362506,244.2770318,213.0244159,172.9873567
4/29/20 22:23,1,4,-4.421530942,-2.642867707,4.081984832,0.37321689,0.152560877,245.8362204,213.2336711,173.1358509
4/29/20 22:24,1,4,-4.376693294,-2.586292242,4.082335895,0.25971978,0.107212951,246.3887762,212.5140454,173.2843451
4/29/20 22:25,1,4,-4.362913616,-2.649994028,4.09010675,0.205662204,0.084052864,245.8384743,211.7944198,173.4328393
4/29/20 22:26,1,4,-4.348898707,-2.714046145,4.097882307,0.149070915,0.060313822,245.2881723,211.0747942,173.5813334
4/29/20 22:27,1,4,-4.297069851,-2.693768104,4.099659205,0.166908719,0.067878146,245.1299267,210.7798165,173.0901595
4/29/20 22:28,1,4,-4.214496331,-2.586415246,4.094957981,0.219528867,0.091152945,245.5366716,210.7798165,172.1546462
4/29/20 22:29,1,4,-4.160659955,-2.591989497,4.097213921,0.32040609,0.133271186,244.913119,210.7798165,171.219133
4/29/20 22:30,1,4,-4.15108388,-2.794558642,4.112300017,0.517763626,0.208805513,242.4919555,210.7798165,170.2836196
4/29/20 22:31,1,4,-3.973550217,-2.626516418,4.112848005,0.371631681,0.154624678,243.2752294,209.0917431,169.4315562
4/29/20 22:32,1,4,-3.91654691,-2.574450735,4.110061833,0.429055075,0.180590876,243.2752294,209.0917431,168.5810895
4/29/20 22:33,1,4,-3.95150478,-2.696193868,4.118619131,0.468701167,0.193041539,242.234383,209.0917431,168.7898214
4/29/20 22:34,1,4,-3.909765807,-2.82035145,4.136284888,0.389897793,0.157034019,240.9586832,207.71983,169.002438
4/29/20 22:35,1,4,-3.826927503,-2.875305728,4.152239432,0.226069521,0.090077189,240.2130512,205.8488032,169.2150547
4/29/20 22:36,1,4,-3.826543537,-2.95018023,4.160205776,0.19504579,0.076660339,239.5752012,205.4052714,169.4158001
4/29/20 22:37,1,4,-3.800989352,-2.995957435,4.166424978,0.210815939,0.082203628,238.9373513,205.0711595,169.1819218
4/29/20 22:38,1,4,-3.775032709,-3.041734074,4.172697297,0.226651899,0.087673703,238.2995012,204.7370476,168.9480434
4/29/20 22:39,1,4,-3.735824403,-3.001445025,4.172583292,0.206016155,0.080255825,238.4176053,204.4029357,168.7141651
4/29/20 22:40,1,4,-3.714782526,-2.968994073,4.172259841,0.156965455,0.061483505,238.6574805,204.0688239,168.7583414
4/29/20 22:41,1,4,-3.721743827,-2.966332602,4.173052903,0.074440884,0.029158498,238.8973557,203.7347119,169.1901168
4/29/20 22:42,1,4,-3.729173065,-2.964281559,4.173719408,0.009146644,0.003583188,239.1372309,203.4006001,169.6218922
4/29/20 22:43,1,4,-3.737018834,-2.962780457,4.174261971,0.093647324,0.036695799,239.3771061,203.0664882,170.0536675
4/29/20 22:44,1,4,-3.745231557,-2.961771714,4.17468322,0.178902783,0.070131668,239.6169813,202.7323763,170.4854429
4/29/20 22:45,1,4,-3.753763316,-2.961200494,4.1749858,0.264747038,0.10384146,239.8568565,202.3982644,170.9172183
4/29/20 22:46,1,4,-3.747521243,-2.984853835,4.176569126,0.172288592,0.067253531,239.4017718,202.715465,170.4788469
4/29/20 22:47,1,4,-3.700413454,-2.973800027,4.176848508,0.007670806,0.002999791,238.7982148,203.171813,169.3379769
4/29/20 22:48,1,4,-3.656147024,-2.966750065,4.176537413,0.181395311,0.071087034,238.1879686,203.6281609,168.1971071
4/29/20 22:49,1,4,-3.609644317,-2.985708181,4.178338186,0.344597551,0.134807089,237.3375019,203.9376605,167.0562372
4/29/20 22:50,1,4,-3.582030427,-3.063054963,4.189527183,0.308530901,0.11888581,236.4870353,203.2180349,167.1182293
4/29/20 22:51,1,4,-3.567395054,-3.151025468,4.201032501,0.249879112,0.094642006,235.6925942,202.4984093,167.3855188
4/29/20 22:52,1,4,-3.592003231,-3.145835552,4.198750227,0.230465809,0.087382644,235.9677452,202.6563477,167.6528083
4/29/20 22:53,1,4,-3.629504467,-3.145686278,4.195152685,0.240414984,0.091208316,236.2428961,203.0630926,167.8854647
4/29/20 22:54,1,4,-3.635995515,-3.1288309,4.193819514,0.199938746,0.076059263,236.5180471,202.9839081,168.1030259
4/29/20 22:55,1,4,-3.629006689,-3.097912387,4.192794751,0.134701338,0.051500816,236.8632661,202.7004192,168.3205872
4/29/20 22:56,1,4,-3.622174373,-3.067355029,4.191701211,0.069972393,0.026891098,237.2097525,202.4169303,168.5381484
4/29/20 23:37,2,4,NaN,NaN,NaN,NaN,NaN,222.6694934,NaN,NaN
4/29/20 23:38,2,4,-2.470779519,-3.581859449,4.366938387,0.10509423,0.034303926,222.0659365,190.295541,160.9248449
4/29/20 23:39,2,4,-2.420377223,-3.59192989,4.374886802,0.089860582,0.029109666,221.4623794,189.7342331,160.6720035
4/29/20 23:40,2,4,-2.373988518,-3.519485811,4.374888954,0.049516369,0.01617657,221.5390614,189.172925,160.419162
4/29/20 23:41,2,4,-2.32957502,-3.426220212,4.372485295,0.005105597,0.001689558,221.8063509,188.6116171,160.1663206
4/29/20 23:42,2,4,-2.298155626,-3.356874394,4.371082256,0.060898813,0.020351459,222.0736405,188.0503091,160.1376147
4/29/20 23:43,2,4,-2.28854887,-3.313736977,4.368470794,0.090058054,0.030322908,222.3458305,187.8466232,160.1376147
4/29/20 23:44,2,4,-2.281353237,-3.273551919,4.365652618,0.114045111,0.038681497,222.6209814,187.6853278,160.1376147
4/29/20 23:45,2,4,-2.274181942,-3.233908734,4.362803907,0.137332261,0.046921451,222.8961324,187.5240324,160.1376147
4/29/20 23:46,2,4,-2.266087333,-3.210925564,4.361787074,0.156454613,0.053657783,223.0183486,187.362737,160.1376147
4/29/20 23:47,2,4,-2.257258457,-3.200951897,4.362243424,0.172576373,0.059245884,223.0183486,187.2014416,160.1376147
4/29/20 23:48,2,4,-2.265941416,-3.210760897,4.361794694,0.156721462,0.053750181,223.0183486,187.3600745,160.1376147
4/29/20 23:49,2,4,-2.283236177,-3.238210223,4.361700629,0.12249334,0.041861384,222.9481478,187.6826653,160.1376147
4/29/20 23:50,2,4,-2.297248633,-3.291075815,4.364701328,0.084452798,0.028598799,222.625557,187.9718038,160.1376147
4/29/20 23:51,2,4,-2.271649394,-3.299339905,4.369928404,0.120377841,0.040564179,222.3029661,187.5465705,160.1376147
4/29/20 23:52,2,4,-2.25198437,-3.210874194,4.364188993,0.177462102,0.060756557,222.877332,187.1213372,160.1376147
4/29/20 23:53,2,4,-2.233599376,-3.060292597,4.350671434,0.236311846,0.083359498,224.0467235,186.6961039,160.0881963
4/29/20 23:54,2,4,-2.203509072,-3.02713627,4.351392114,0.257729868,0.091221809,224.003397,186.2801265,159.9420223
4/29/20 23:55,2,4,-2.168840309,-3.158496669,4.371411211,0.241513497,0.082703631,222.390443,185.978348,159.7958483
4/29/20 23:56,2,4,-2.132285168,-3.295947329,4.391533781,0.223402549,0.073957206,220.7774891,185.6765696,159.6496744
4/29/20 23:57,2,4,-2.112845502,-3.268854477,4.39157965,0.228126048,0.075734116,220.76002,185.4587156,159.5035004
4/29/20 23:58,2,4,-2.108218214,-3.219096295,4.38662793,0.217532412,0.07291347,221.0941319,185.4587156,159.3573265
4/29/20 21:01,3,7,NaN,NaN,NaN,NaN,NaN,NaN,253.0942288,NaN
4/29/20 21:02,3,7,NaN,NaN,NaN,NaN,NaN,NaN,254.0297421,NaN
4/29/20 21:03,3,7,-16.31919806,-2.90253281,NaN,NaN,NaN,267.5148346,254.7791806,NaN
4/29/20 21:04,3,7,-17.93601347,-3.379274313,NaN,NaN,NaN,266.9301388,255.125667,NaN
4/29/20 21:05,3,7,-20.24847446,-4.077085384,NaN,NaN,NaN,266.2155628,255.4721534,NaN
4/29/20 21:06,3,7,-20.85680626,-4.512215901,NaN,NaN,NaN,265.3926131,254.8723291,NaN
4/29/20 21:07,3,7,-23.2518246,-5.683616932,NaN,NaN,NaN,263.8641093,254.1433578,NaN
4/29/20 21:08,3,7,-22.47929664,-5.693430615,NaN,NaN,NaN,263.387319,253.4143864,NaN
4/29/20 21:09,3,7,-20.94018186,-5.373637267,NaN,NaN,NaN,263.2074126,252.6854149,NaN
4/29/20 21:10,3,7,-19.60508721,-5.096693485,NaN,NaN,NaN,263.0275062,251.9564436,NaN
4/29/20 21:11,3,7,-18.43546905,-4.854479785,NaN,NaN,NaN,262.8475998,251.2274721,NaN
4/29/20 21:12,3,7,-17.29379544,-4.592205344,NaN,NaN,NaN,262.7288335,250.4985007,NaN
4/29/20 21:13,3,7,-21.36863784,-5.530823343,NaN,NaN,NaN,263.0886463,252.7261031,NaN
4/29/20 21:14,3,7,-29.19870036,-7.362136055,NaN,NaN,NaN,263.4484591,255.1665729,NaN
4/29/20 21:15,3,7,-26.37708478,-6.457216307,NaN,NaN,NaN,263.8442929,254.966654,NaN
4/29/20 21:16,3,7,-22.59863482,-5.362485831,NaN,NaN,NaN,264.2510379,254.3288041,NaN
4/29/20 21:17,3,7,-20.66994992,-4.884579511,NaN,NaN,NaN,264.3041731,253.690954,NaN
4/29/20 21:18,3,7,-19.40488398,-4.622814123,NaN,NaN,NaN,264.2002272,253.0531041,NaN
4/29/20 21:19,3,7,-18.29186486,-4.392743872,NaN,NaN,NaN,264.0962813,252.4152542,NaN
4/29/20 21:20,3,7,-17.30474482,-4.188908839,NaN,NaN,NaN,263.9923354,251.7774041,NaN
4/29/20 21:21,3,7,-16.42304663,-4.007033164,NaN,NaN,NaN,263.8883895,251.1395542,NaN
4/29/20 21:22,3,7,-15.63050446,-3.843720325,NaN,NaN,NaN,263.7844435,250.5017043,NaN
4/29/20 21:23,3,7,-16.28351215,-4.035644394,NaN,NaN,NaN,263.6804976,250.8399993,NaN
4/29/20 21:24,3,7,-17.14492327,-4.28216298,NaN,NaN,NaN,263.5765517,251.2652326,NaN
4/29/20 21:25,3,7,-16.74374024,-4.24105133,NaN,NaN,NaN,263.3863852,250.8340235,NaN
4/29/20 21:26,3,7,-16.36651565,-4.222971688,NaN,NaN,NaN,263.1318238,250.3416481,NaN
4/29/20 21:27,3,7,-16.00552505,-4.205760512,NaN,NaN,NaN,262.8772623,249.8492727,NaN
4/29/20 21:28,3,7,-16.02189356,-4.286250443,NaN,NaN,NaN,262.6227009,249.6055046,NaN
4/29/20 21:29,3,7,-16.41148559,-4.468703044,NaN,NaN,NaN,262.3681395,249.6055046,NaN
4/29/20 21:30,3,7,-16.82151228,-4.660725548,NaN,NaN,NaN,262.113578,249.6055046,NaN
4/29/20 21:31,3,7,-17.25364205,-4.863099301,NaN,NaN,NaN,261.8590166,249.6055046,NaN
4/29/20 21:32,3,7,-17.26703734,-4.949790296,NaN,NaN,NaN,261.6044551,249.3594608,NaN
4/29/20 21:33,3,7,-17.27373097,-5.03486822,NaN,NaN,NaN,261.3498937,249.1099906,NaN
4/29/20 21:34,3,7,-17.2797128,-5.120015421,NaN,NaN,NaN,261.0953322,248.8605204,NaN
4/29/20 21:35,3,7,-17.28498213,-5.205225764,NaN,NaN,NaN,260.8407708,248.6110502,NaN
4/29/20 21:36,3,7,-17.28953809,-5.290493041,NaN,NaN,NaN,260.5862093,248.36158,NaN
4/29/20 21:37,3,7,-17.29337964,-5.375810921,NaN,NaN,NaN,260.3316479,248.1121097,NaN
4/29/20 21:38,3,7,-17.84173338,-5.575345788,NaN,NaN,NaN,260.2465485,248.3283688,NaN
4/29/20 21:39,3,7,-21.45014755,-6.58299034,NaN,NaN,NaN,260.5388964,250.1993953,NaN
4/29/20 21:40,3,7,-20.98321703,-6.322723295,NaN,NaN,NaN,260.8312442,250.3177624,NaN
4/29/20 21:41,3,7,-19.87777731,-5.879163915,NaN,NaN,NaN,261.1235922,250.1656464,NaN
4/29/20 21:42,3,7,-18.88774278,-5.48169878,NaN,NaN,NaN,261.4159401,250.0135304,NaN
4/29/20 21:43,3,7,-17.99591409,-5.123456723,NaN,NaN,NaN,261.7082879,249.8614144,NaN
4/29/20 21:44,3,7,-17.18834774,-4.79886729,NaN,NaN,NaN,262.0006359,249.7092985,NaN
4/29/20 21:45,3,7,-16.45362081,-4.503367014,NaN,NaN,NaN,262.2929838,249.5571825,NaN
4/29/20 21:46,3,7,-15.7822857,-4.233181533,NaN,NaN,NaN,262.5853317,249.4050665,NaN
4/29/20 21:47,3,7,-15.16646087,-3.985162128,NaN,NaN,NaN,262.8776796,249.2529505,NaN
4/29/20 21:48,3,7,-14.59951951,-3.756661357,NaN,NaN,NaN,263.1700275,249.1008345,NaN
4/29/20 21:49,3,7,-14.07584917,-3.54543698,NaN,NaN,NaN,263.4623754,248.9487185,NaN
4/29/20 21:50,3,7,-14.23324011,-3.661642209,NaN,NaN,NaN,263.1729358,248.7966026,NaN
4/29/20 21:51,3,7,-14.61829517,-3.889286509,NaN,NaN,NaN,262.7012485,248.648171,NaN
4/29/20 21:52,3,7,-15.02679884,-4.130730043,NaN,NaN,NaN,262.2295611,248.5008461,NaN
4/29/20 21:53,3,7,-15.45952089,-4.386882662,NaN,NaN,NaN,261.7578737,248.3535212,NaN
4/29/20 21:54,3,7,-15.91877734,-4.659142641,NaN,NaN,NaN,261.2861864,248.2061962,NaN
4/29/20 21:55,3,7,-16.40718961,-4.949092542,NaN,NaN,NaN,260.814499,248.0588713,NaN
4/29/20 21:56,3,7,-16.92773586,-5.258530329,NaN,NaN,NaN,260.3428116,247.9115464,NaN
4/29/20 21:57,3,7,-17.48381379,-5.58950719,NaN,NaN,NaN,259.8711242,247.7642214,NaN
4/29/20 21:58,3,7,-18.07931786,-5.944374182,NaN,NaN,NaN,259.3994368,247.6168965,NaN
4/29/20 21:59,3,7,-18.7187324,-6.325838492,NaN,NaN,NaN,258.9277495,247.4695716,NaN
4/29/20 22:00,3,7,-19.42268868,-6.745029742,NaN,NaN,NaN,258.4491231,247.3222467,NaN
4/29/20 22:01,3,7,-20.85867309,-7.550440902,NaN,NaN,NaN,257.7007124,247.1749217,NaN
4/29/20 22:02,3,7,-22.68036988,-8.546546092,NaN,NaN,NaN,256.9523018,247.0733945,NaN
4/29/20 22:03,3,7,-23.71262423,-9.086806111,NaN,NaN,NaN,256.6328968,247.0733945,NaN
4/29/20 22:04,3,7,-24.37809254,-9.435098098,NaN,NaN,NaN,256.4419757,247.0733945,NaN
4/29/20 22:05,3,7,-25.08386095,-9.804482305,NaN,NaN,NaN,256.2510546,247.0733945,NaN
4/29/20 22:06,3,7,-25.83372197,-10.19694365,NaN,NaN,NaN,256.0601336,247.0733945,NaN
4/29/20 22:07,3,7,-26.63195927,-10.6147241,NaN,NaN,NaN,255.8692125,247.0733945,NaN
4/29/20 22:08,3,7,-27.48342952,-11.06036556,NaN,NaN,NaN,255.6782914,247.0733945,NaN
4/29/20 22:09,3,7,-28.3936625,-11.53676218,NaN,NaN,NaN,255.4873703,247.0733945,NaN
4/29/20 22:10,3,7,-29.36898131,-12.04722334,NaN,NaN,NaN,255.2964492,247.0733945,NaN
4/29/20 22:11,3,7,-30.41664947,-12.59555062,NaN,NaN,NaN,255.1055281,247.0733945,NaN
4/29/20 22:12,3,7,-29.1949592,-11.95614386,NaN,NaN,NaN,255.3295422,247.0733945,NaN
4/29/20 22:13,3,7,-27.91645661,-11.28700275,NaN,NaN,NaN,255.5858472,247.0733945,NaN
4/29/20 22:14,3,7,-26.74928443,-10.6761296,NaN,NaN,NaN,255.8421522,247.0733945,NaN
4/29/20 22:15,3,7,-25.67946641,-10.11620956,NaN,NaN,NaN,256.0984573,247.0733945,NaN
4/29/20 22:16,3,7,-24.6952722,-9.601103197,NaN,NaN,NaN,256.3547623,247.0733945,NaN
4/29/20 22:17,3,7,-23.78678276,-9.125619108,NaN,NaN,NaN,256.6110673,247.0733945,NaN
4/29/20 22:18,3,7,-22.80236336,-8.610394888,NaN,NaN,NaN,256.9129743,247.0733945,NaN
4/29/20 22:19,3,7,-21.65075097,-8.007665409,NaN,NaN,NaN,257.3027715,247.0733945,NaN
4/29/20 22:20,3,7,-20.61484363,-7.465493497,NaN,NaN,NaN,257.6925687,247.0733945,NaN
4/29/20 22:21,3,7,-19.67795501,-6.975145876,NaN,NaN,NaN,258.0823659,247.0733945,NaN
4/29/20 22:22,3,7,-18.8552152,-6.544541326,NaN,NaN,NaN,258.4583938,247.0733945,NaN
4/29/20 22:23,3,7,-20.54764043,-7.481906472,NaN,NaN,NaN,257.5921779,246.948853,NaN
4/29/20 22:24,3,7,-21.97573629,-8.380310017,NaN,NaN,NaN,256.7259618,246.6206027,NaN
4/29/20 22:25,3,7,-23.6285359,-9.42217141,NaN,NaN,NaN,255.8597458,246.2923524,NaN
4/29/20 22:26,3,7,-25.56522906,-10.64516517,NaN,NaN,NaN,254.9935297,245.9641021,NaN
4/29/20 22:27,3,7,-26.07898342,-11.10729589,NaN,NaN,NaN,254.5303675,245.6358518,NaN
4/29/20 22:28,3,7,-19.26542314,-7.409159402,NaN,NaN,NaN,256.564092,245.4123334,NaN
4/29/20 22:29,3,7,-16.09439557,-5.59354878,NaN,NaN,NaN,258.4352901,245.5264204,NaN
4/29/20 22:30,3,7,-17.09426823,-6.112217051,NaN,NaN,NaN,257.9250101,245.6405074,NaN
4/29/20 22:31,3,7,-18.23600318,-6.704220298,NaN,NaN,NaN,257.4147302,245.7545943,NaN
4/29/20 22:32,3,7,-13.86187733,-4.875319229,3.708029434,1.962728058,0.363106773,256.9044501,245.8686813,217.5321101
4/29/20 22:33,3,7,-14.08003208,-5.050922045,3.709797117,2.258516425,0.411272424,256.3941702,245.9827683,217.5321101
4/29/20 22:34,3,7,-14.27243119,-5.203973983,3.711241874,2.528967189,0.454517155,255.9595625,246.0968553,217.5321101
4/29/20 22:35,3,7,-14.59610015,-5.295353039,3.704802712,2.427818959,0.425547633,256.1934409,246.2109423,218.2923634
4/29/20 22:36,3,7,-17.07997363,-6.357843269,3.679558125,1.807104171,0.265035902,256.4273192,246.2293578,222.1037136
4/29/20 22:37,3,7,-20.62828295,-7.869324203,3.654128363,0.21095424,0.02513735,256.6611975,246.2293578,225.9150639
4/29/20 22:38,3,7,-22.62936753,-8.679478346,3.642012942,1.230932594,0.133224533,256.8950758,246.2293578,227.6410409
4/29/20 22:39,3,7,-21.69728667,-8.208013243,3.643857505,1.006337649,0.113969581,257.1289542,246.2293578,227.1732843
4/29/20 22:40,3,7,-20.65701811,-7.695755059,3.646709266,0.706429105,0.084352095,257.3628325,246.2293578,226.5501471
4/29/20 22:41,3,7,-19.19311464,-7.008648315,3.65277473,0.175817318,0.022722967,257.5967108,246.2293578,225.4275311
4/29/20 22:42,3,7,-18.09183915,-6.53122655,3.659832944,0.342198921,0.047139831,257.6238532,246.2293578,224.3049152
4/29/20 22:43,3,7,-18.54590195,-6.725426,3.656697619,0.124728589,0.016726986,257.6238532,246.2293578,224.7946372
4/29/20 22:44,3,7,-19.05457657,-6.942838545,3.653371118,0.132896652,0.017311609,257.6238532,246.2293578,225.3143668
4/29/20 22:45,3,7,-19.59327577,-7.172934844,3.650046638,0.421366393,0.053282798,257.6238532,246.2293578,225.8340964
4/29/20 22:46,3,7,-20.20536513,-7.456119034,3.647370794,0.665110556,0.081376017,257.5387767,246.2293578,226.3156911
4/29/20 22:47,3,7,-20.9919486,-7.842944757,3.645056854,0.737037418,0.086498348,257.3106028,246.3008006,226.7834478
4/29/20 22:48,3,7,-21.27043283,-7.987052781,3.644520588,0.245771368,0.028405051,257.0824288,246.5469883,226.8165138
4/29/20 22:49,3,7,-21.14683426,-7.958011386,3.646054787,0.471756356,0.054841467,256.8542548,246.7931761,226.5290496
4/29/20 22:50,3,7,-19.65445807,-7.295384073,3.653602203,1.477763533,0.186340899,256.7798165,247.0393638,225.1926021
4/29/20 22:51,3,7,-19.72885723,-7.305689188,3.65226845,1.629734101,0.204854865,256.7798165,247.1919528,225.2675966
4/29/20 22:52,3,7,-19.88274256,-7.352222131,3.650561185,1.74133969,0.217214575,256.7798165,247.3295283,225.4137706
4/29/20 22:53,3,7,-20.03901086,-7.399477095,3.648854104,1.85591565,0.229734862,256.7798165,247.4671038,225.5599445
4/29/20 22:54,3,7,-20.19772092,-7.447472057,3.647147238,1.973525376,0.242416449,256.7798165,247.6046793,225.7061185
4/29/20 22:55,3,7,-20.3589334,-7.496225565,3.645440622,2.094232138,0.255259917,256.7798165,247.7422547,225.8522924
4/29/20 22:56,3,7,-20.58573458,-7.572633169,3.64339014,2.201757248,0.265377141,256.7798165,247.8798302,226.0516827
4/29/20 22:57,3,7,-20.31006184,-7.249035642,3.636511988,1.373212449,0.167781809,257.557348,247.9174312,226.4971652
4/29/20 22:58,3,7,-19.64415103,-6.779482801,3.632285468,0.706930543,0.089626893,258.3369424,247.9174312,226.5757126
4/29/20 22:59,3,7,-21.40405993,-8.006153984,3.642381788,2.200464533,0.253948275,256.5219495,247.7893421,226.4823915
4/29/20 23:00,3,7,-27.87680667,-11.66231602,3.644006688,4.416895561,0.384588105,254.2524003,247.5611681,228.2364789
4/29/20 23:01,3,7,-28.16252129,-11.77757638,3.642687948,3.43356313,0.294127296,254.4224936,247.3329941,228.5045872
4/29/20 23:02,3,7,-27.83337226,-11.6097165,3.643085819,2.560529412,0.2213731,254.5925869,247.1048202,228.5045872
4/29/20 23:03,3,7,-27.51633253,-11.45743908,3.643768747,1.590754368,0.138862359,254.7626803,246.8289496,228.5045872
4/29/20 23:04,3,7,-27.20752958,-11.31063108,3.644512604,0.631879349,0.055754555,254.9327736,246.5454608,228.5045872
4/29/20 23:05,3,7,-26.85311698,-11.13295315,3.645129862,0.323869424,0.028982209,255.1312147,246.2619719,228.5045872
4/29/20 23:06,3,7,-26.28455506,-10.75037217,3.643220051,2.322798599,0.213926329,255.7347716,245.8048005,228.7480833
4/29/20 23:07,3,7,-25.81225641,-10.42211986,3.641360344,4.100701057,0.389815078,256.3383285,245.3250501,229.0232342
4/29/20 23:08,3,7,-25.42728663,-10.15186986,3.639346182,6.118505412,0.58055991,256.8940015,244.8452996,229.2983852
4/29/20 23:09,3,7,-23.13237036,-9.033606791,3.644704036,4.935451466,0.518602998,257.3192348,244.6636714,228.2938626
4/29/20 23:10,3,7,-20.444024,-7.58052758,3.647383294,3.020479193,0.369926446,258.1545589,244.9977833,227.0034994
4/29/20 23:11,3,7,-17.73525091,-5.961768122,3.644050885,2.42135618,0.347764303,260.0255857,245.3318952,225.9028392
4/29/20 23:12,3,7,-16.29601989,-5.021368643,3.638522637,2.567747315,0.409097292,261.8177489,245.3853211,225.5563528
4/29/20 23:13,3,7,-16.60788184,-5.326981778,3.644541476,2.196908169,0.339784395,260.8822357,245.3853211,225.2098664
4/29/20 23:14,3,7,-17.41769255,-5.843820945,3.646887021,2.091025505,0.305313969,259.9467224,245.3853211,225.4613069
4/29/20 23:15,3,7,-18.51554182,-6.506880329,3.648309634,2.051899334,0.278959225,258.9897293,245.3853211,225.8964293
4/29/20 23:16,3,7,-19.83075187,-7.310492463,3.650371861,2.012430751,0.252734251,257.9873936,245.3389934,226.3315517
4/29/20 23:17,3,7,-21.39242365,-8.302787404,3.654159853,2.30236409,0.265559676,256.9850578,245.0271556,226.7666742
4/29/20 23:18,3,7,-22.25963021,-9.020976316,3.662048378,2.02378287,0.222238716,256.0102082,244.7153179,226.5493014
4/29/20 23:19,3,7,-23.07463456,-9.743533674,3.670518786,1.590030626,0.166897574,255.0424359,244.4034801,226.2475229
4/29/20 23:20,3,7,-23.63133321,-10.28639535,3.677583622,1.311754409,0.133606906,254.3357458,244.0916423,225.9724771
4/29/20 23:21,3,7,-22.96960288,-9.866269305,3.676946132,2.221529788,0.234402081,254.8281212,243.7798046,225.9724771
4/29/20 23:22,3,7,-22.32601113,-9.367999523,3.673046895,2.117525153,0.230868143,255.3204967,244.0300748,225.9724771
4/29/20 23:23,3,7,-21.71320008,-8.863897424,3.667985894,1.722716452,0.19376605,255.8128721,244.4827425,225.9724771
4/29/20 23:24,3,7,-20.50034789,-8.143477016,3.667839429,0.776009147,0.092751989,256.1485036,244.9354102,225.3171502
4/29/20 23:25,3,7,-19.34157755,-7.479709919,3.668795275,0.082228634,0.010471696,256.4319925,245.388078,224.5375557
4/29/20 23:26,3,7,-19.5417239,-7.433323655,3.66199991,0.190451339,0.024037762,256.7154814,245.8407457,224.9863267
4/29/20 23:27,3,7,-21.58958025,-8.50161255,3.657089325,0.789053898,0.089334092,255.9119677,246.2293578,226.0257859
4/29/20 23:28,3,7,-24.68228585,-10.2553479,3.656136827,1.35884151,0.132929676,254.7893516,246.2293578,227.0652453
4/29/20 23:29,3,7,-24.76304117,-10.25379633,3.654577673,1.096609538,0.106900376,254.9079004,246.2293578,227.2163965
4/29/20 23:30,3,7,-21.47587446,-8.374581265,3.654789774,0.452203783,0.051521482,256.1836003,246.2293578,226.1769373
4/29/20 23:31,3,7,-21.27394043,-8.120382427,3.649560751,0.279762297,0.03227439,256.7798165,246.2293578,226.5417947
4/29/20 23:32,3,7,-22.21848831,-8.533542227,3.64505204,0.810193845,0.089292205,256.7798165,246.2293578,227.2505168
4/29/20 23:33,3,7,-23.42706393,-9.118668095,3.641837443,1.553883608,0.162042436,256.6592515,246.1101871,227.959239
4/29/20 23:34,3,7,-25.63959858,-10.34715234,3.641816857,2.262112081,0.214152004,256.0140699,245.8926259,228.6679612
4/29/20 23:35,3,7,-28.35862717,-11.85524306,3.641891607,3.267307627,0.27815309,255.3688884,245.6750647,229.3766834
4/29/20 23:36,3,7,-31.34047204,-13.47476252,3.64121051,4.854601506,0.373599457,254.8903647,245.4575034,230.0854057
4/29/20 23:37,3,7,-29.49756623,-12.76952303,3.649640773,2.746594357,0.22286993,254.5373408,245.3853211,229.0848418
4/29/20 23:38,3,7,-27.18009891,-11.80326236,3.659584985,0.394564089,0.034676824,254.184317,245.3853211,227.7794745
4/29/20 23:39,3,7,-25.20193527,-10.97785511,3.669572808,1.346885502,0.128147543,253.831293,245.3853211,226.474107
4/29/20 23:40,3,7,-23.49173764,-10.26335803,3.679586198,2.594492727,0.266743784,253.4782691,245.3853211,225.1687397
4/29/20 23:41,3,7,-23.92513878,-10.40733058,3.675682215,2.096753286,0.21114273,253.6874485,245.3853211,225.6185117
4/29/20 23:42,3,7,-24.24132607,-10.44309074,3.670657065,1.319285429,0.130916761,254.0472613,245.3853211,226.1241947
4/29/20 23:43,3,7,-24.56426899,-10.47933809,3.66564344,0.491331281,0.04809502,254.4070741,245.3853211,226.6298775
4/29/20 23:44,3,7,-25.01479021,-10.66748041,3.663296497,1.485958258,0.143050838,254.7668869,244.874141,227.1854114
4/29/20 23:45,3,7,-25.51241694,-10.88144779,3.661101081,3.669290371,0.349692251,255.1452062,244.3071632,227.7701073
4/29/20 23:46,3,7,-25.72528185,-10.89965703,3.65772069,6.402895259,0.596315127,255.6955081,243.7401854,228.354803
4/29/20 23:47,3,7,-22.02188326,-8.881775763,3.662284555,3.425858512,0.384649941,256.4810053,244.0651907,226.7649405
4/29/20 23:48,3,7,-18.3975474,-6.939520766,3.670048815,1.445363669,0.195480237,257.4487778,244.4632815,224.426157
4/29/20 23:49,3,7,-15.85868062,-5.574093733,3.678124259,0.368996016,0.058667403,258.4165502,244.8613722,222.0873739
4/29/20 23:50,3,7,-16.53460037,-5.805143593,3.669262109,0.471245151,0.07170316,258.4678899,245.2594631,223.0880958
4/29/20 23:51,3,7,-17.84170157,-6.312653234,3.656769674,0.911482848,0.127971653,258.4678899,245.6222644,224.7198607
4/29/20 23:52,3,7,-19.77579622,-7.114644128,3.643502425,1.612275832,0.203095514,258.3158219,245.9687508,226.5908872
4/29/20 23:53,3,7,-21.12299269,-7.756033689,3.638912334,1.558485424,0.182529236,257.8557333,246.2766791,227.3637492
4/29/20 23:54,3,7,-20.75561784,-7.693693163,3.644406952,0.49005409,0.058224112,257.3956449,246.4676002,226.6707764
4/29/20 23:55,3,7,-20.40050158,-7.633638027,3.649956279,0.527619595,0.063755124,256.9355564,246.6585212,225.9778036
4/29/20 23:56,3,7,-20.51534194,-7.776225457,3.653006445,1.309588871,0.157333605,256.4754678,246.8494423,225.6823763
4/29/20 23:57,3,7,-20.63576417,-7.922740332,3.656078183,2.098080812,0.250956091,256.0153794,247.0403634,225.3900284
4/29/20 21:05,4,NA,NaN,NaN,NaN,NaN,NaN,NaN,263.9659538,NaN
4/29/20 21:06,4,NA,NaN,NaN,NaN,NaN,NaN,NaN,264.0150621,NaN
4/29/20 21:07,4,NA,NaN,NaN,NaN,NaN,NaN,NaN,264.0641704,NaN
4/29/20 21:08,4,NA,NaN,NaN,NaN,NaN,NaN,NaN,264.1132787,NaN
4/29/20 21:09,4,NA,NaN,NaN,NaN,NaN,NaN,NaN,264.162387,NaN
4/29/20 21:10,4,NA,NaN,NaN,NaN,NaN,NaN,NaN,264.2114953,NaN
4/29/20 21:11,4,NA,NaN,NaN,NaN,NaN,NaN,NaN,264.2606036,NaN
4/29/20 21:12,4,NA,NaN,NaN,NaN,NaN,NaN,NaN,264.309712,NaN
4/29/20 21:13,4,NA,NaN,NaN,NaN,NaN,NaN,NaN,264.3588203,NaN
4/29/20 21:14,4,NA,NaN,NaN,NaN,NaN,NaN,NaN,264.4079286,NaN
4/29/20 21:15,4,NA,NaN,NaN,NaN,NaN,NaN,NaN,264.4570369,NaN
4/29/20 21:16,4,NA,NaN,NaN,NaN,NaN,NaN,NaN,264.5061452,NaN
4/29/20 21:17,4,NA,NaN,NaN,NaN,NaN,NaN,NaN,264.5552535,NaN
4/29/20 21:18,4,NA,NaN,NaN,NaN,NaN,NaN,NaN,264.6043618,NaN
4/29/20 21:19,4,NA,NaN,NaN,NaN,NaN,NaN,NaN,264.6534701,NaN
4/29/20 21:20,4,NA,NaN,NaN,NaN,NaN,NaN,NaN,264.7025784,NaN
4/29/20 21:21,4,NA,NaN,NaN,NaN,NaN,NaN,NaN,264.7516867,NaN
4/29/20 21:22,4,NA,NaN,NaN,NaN,NaN,NaN,NaN,264.8007951,NaN
4/29/20 21:23,4,NA,NaN,NaN,NaN,NaN,NaN,NaN,264.8499034,NaN
4/29/20 21:24,4,NA,NaN,NaN,NaN,NaN,NaN,NaN,264.8990117,NaN
4/29/20 21:25,4,NA,NaN,NaN,NaN,NaN,NaN,NaN,264.94812,NaN
4/29/20 21:26,4,NA,NaN,NaN,NaN,NaN,NaN,NaN,264.9972283,NaN
4/29/20 21:27,4,NA,NaN,NaN,NaN,NaN,NaN,NaN,265.0463366,NaN
4/29/20 21:28,4,NA,NaN,NaN,NaN,NaN,NaN,NaN,265.0954449,NaN
4/29/20 21:29,4,NA,NaN,NaN,NaN,NaN,NaN,NaN,265.1445532,NaN
4/29/20 21:30,4,NA,NaN,NaN,NaN,NaN,NaN,NaN,265.1936615,NaN
4/29/20 21:31,4,NA,NaN,NaN,NaN,NaN,NaN,NaN,265.2427698,NaN
4/29/20 21:32,4,NA,NaN,NaN,NaN,NaN,NaN,NaN,265.2918782,NaN
4/29/20 21:33,4,NA,NaN,NaN,NaN,NaN,NaN,NaN,265.3409865,NaN
4/29/20 21:34,4,NA,NaN,NaN,NaN,NaN,NaN,NaN,265.3900948,NaN
4/29/20 21:35,4,NA,NaN,NaN,NaN,NaN,NaN,NaN,265.4392031,NaN
4/29/20 21:36,4,NA,NaN,NaN,NaN,NaN,NaN,NaN,265.4883114,NaN
4/29/20 21:37,4,NA,NaN,NaN,NaN,NaN,NaN,NaN,265.5374197,NaN
4/29/20 21:38,4,NA,NaN,NaN,NaN,NaN,NaN,NaN,265.586528,NaN
4/29/20 21:39,4,NA,NaN,NaN,NaN,NaN,NaN,NaN,265.6356363,NaN
4/29/20 21:40,4,NA,NaN,NaN,NaN,NaN,NaN,NaN,265.6075676,NaN
4/29/20 21:41,4,NA,NaN,NaN,NaN,NaN,NaN,NaN,265.5675884,NaN
4/29/20 21:42,4,NA,NaN,NaN,NaN,NaN,NaN,NaN,265.5276092,NaN
4/29/20 21:43,4,NA,NaN,NaN,NaN,NaN,NaN,NaN,265.48763,NaN
4/29/20 21:44,4,NA,NaN,NaN,NaN,NaN,NaN,NaN,265.4476508,NaN
4/29/20 21:45,4,NA,NaN,NaN,NaN,NaN,NaN,NaN,265.4076716,NaN
4/29/20 21:46,4,NA,NaN,NaN,NaN,NaN,NaN,NaN,265.3676924,NaN
4/29/20 21:47,4,NA,NaN,NaN,NaN,NaN,NaN,NaN,265.3277132,NaN
4/29/20 21:48,4,NA,NaN,NaN,NaN,NaN,NaN,NaN,265.287734,NaN
4/29/20 21:49,4,NA,NaN,NaN,NaN,NaN,NaN,NaN,265.2477548,NaN
4/29/20 21:50,4,NA,NaN,NaN,NaN,NaN,NaN,NaN,265.2077756,NaN
4/29/20 21:51,4,NA,NaN,NaN,NaN,NaN,NaN,NaN,265.1677964,NaN
4/29/20 21:52,4,NA,NaN,NaN,NaN,NaN,NaN,NaN,265.1278172,NaN
4/29/20 21:53,4,NA,NaN,NaN,NaN,NaN,NaN,NaN,265.087838,NaN
4/29/20 21:54,4,NA,NaN,NaN,NaN,NaN,NaN,NaN,265.0478588,NaN
4/29/20 21:55,4,NA,NaN,NaN,NaN,NaN,NaN,NaN,265.0078796,NaN
4/29/20 21:56,4,NA,NaN,NaN,NaN,NaN,NaN,NaN,264.9679004,NaN
4/29/20 21:57,4,NA,NaN,NaN,NaN,NaN,NaN,NaN,264.9279212,NaN
4/29/20 21:58,4,NA,NaN,NaN,NaN,NaN,NaN,NaN,264.887942,NaN
4/29/20 21:59,4,NA,NaN,NaN,NaN,NaN,NaN,NaN,264.8479628,NaN
4/29/20 22:00,4,NA,NaN,NaN,NaN,NaN,NaN,NaN,264.8079836,NaN
4/29/20 22:01,4,NA,NaN,NaN,NaN,NaN,NaN,NaN,264.7680044,NaN
4/29/20 22:02,4,NA,NaN,NaN,NaN,NaN,NaN,NaN,264.7280252,NaN
4/29/20 22:03,4,NA,NaN,NaN,NaN,NaN,NaN,NaN,264.688046,NaN
4/29/20 22:04,4,NA,NaN,NaN,NaN,NaN,NaN,NaN,264.6480668,NaN
4/29/20 22:05,4,NA,NaN,NaN,NaN,NaN,NaN,NaN,264.6080876,NaN
4/29/20 22:06,4,NA,NaN,NaN,NaN,NaN,NaN,NaN,264.5681084,NaN
4/29/20 22:07,4,NA,NaN,NaN,NaN,NaN,NaN,NaN,264.5281292,NaN
4/29/20 22:08,4,NA,NaN,NaN,NaN,NaN,NaN,NaN,264.48815,NaN
4/29/20 22:09,4,NA,NaN,NaN,NaN,NaN,NaN,NaN,264.4481708,NaN
4/29/20 22:10,4,NA,NaN,NaN,NaN,NaN,NaN,NaN,264.4081916,NaN
4/29/20 22:11,4,NA,NaN,NaN,NaN,NaN,NaN,NaN,264.3682124,NaN
4/29/20 22:12,4,NA,NaN,NaN,NaN,NaN,NaN,NaN,264.3282332,NaN
4/29/20 22:13,4,NA,NaN,NaN,NaN,NaN,NaN,NaN,264.288254,NaN
4/29/20 22:14,4,NA,NaN,NaN,NaN,NaN,NaN,NaN,264.2482748,NaN
4/29/20 22:15,4,NA,NaN,NaN,NaN,NaN,NaN,NaN,264.2082956,NaN
4/29/20 22:16,4,NA,NaN,NaN,NaN,NaN,NaN,NaN,264.1683164,NaN
4/29/20 22:17,4,NA,NaN,NaN,NaN,NaN,NaN,NaN,264.1283372,NaN
4/29/20 22:18,4,NA,NaN,NaN,NaN,NaN,NaN,NaN,264.088358,NaN
4/29/20 22:19,4,NA,NaN,NaN,NaN,NaN,NaN,NaN,264.0483788,NaN
4/29/20 22:20,4,NA,NaN,NaN,NaN,NaN,NaN,NaN,264.0083996,NaN
4/29/20 22:21,4,NA,NaN,NaN,NaN,NaN,NaN,NaN,263.9684204,NaN
4/29/20 22:22,4,NA,NaN,NaN,NaN,NaN,NaN,NaN,263.8602095,NaN
4/29/20 22:23,4,NA,NaN,NaN,NaN,NaN,NaN,NaN,263.7140355,NaN
4/29/20 22:24,4,NA,NaN,NaN,NaN,NaN,NaN,NaN,263.5678616,NaN
4/29/20 22:25,4,NA,NaN,NaN,NaN,NaN,NaN,NaN,263.4216876,NaN
4/29/20 22:26,4,NA,NaN,NaN,NaN,NaN,NaN,NaN,263.2755137,NaN
4/29/20 22:27,4,NA,NaN,NaN,NaN,NaN,NaN,NaN,263.1293397,NaN
4/29/20 22:28,4,NA,NaN,NaN,NaN,NaN,NaN,NaN,262.9831658,NaN
4/29/20 22:29,4,NA,NaN,NaN,NaN,NaN,NaN,NaN,262.8369918,NaN
4/29/20 22:30,4,NA,NaN,NaN,NaN,NaN,NaN,NaN,262.6908178,NaN
4/29/20 22:31,4,NA,NaN,NaN,NaN,NaN,NaN,NaN,262.5446439,NaN
4/29/20 22:32,4,NA,NaN,NaN,NaN,NaN,NaN,NaN,262.39847,NaN
4/29/20 22:33,4,NA,NaN,NaN,NaN,NaN,NaN,NaN,262.3163739,NaN
4/29/20 22:34,4,NA,NaN,NaN,NaN,NaN,NaN,NaN,262.8509529,NaN
4/29/20 22:35,4,NA,NaN,NaN,NaN,NaN,NaN,NaN,263.3855319,NaN
4/29/20 22:36,4,NA,NaN,NaN,NaN,NaN,NaN,NaN,263.920111,NaN
4/29/20 22:37,4,NA,NaN,NaN,NaN,NaN,NaN,NaN,263.8811299,NaN
4/29/20 22:38,4,NA,NaN,NaN,NaN,NaN,NaN,NaN,263.8031704,NaN
4/29/20 22:39,4,NA,NaN,NaN,NaN,NaN,NaN,NaN,263.725211,NaN
4/29/20 22:40,4,NA,NaN,NaN,NaN,NaN,NaN,NaN,263.6472516,NaN
4/29/20 22:41,4,NA,NaN,NaN,NaN,NaN,NaN,NaN,263.5692921,NaN
4/29/20 22:42,4,NA,NaN,NaN,NaN,NaN,NaN,NaN,263.4913327,NaN
4/29/20 22:43,4,NA,NaN,NaN,NaN,NaN,NaN,NaN,263.4133732,NaN
4/29/20 22:44,4,NA,NaN,NaN,NaN,NaN,NaN,NaN,263.3354138,NaN
4/29/20 22:45,4,NA,NaN,NaN,NaN,NaN,NaN,NaN,263.2574543,NaN
4/29/20 22:46,4,NA,NaN,NaN,NaN,NaN,NaN,NaN,263.1794949,NaN
4/29/20 22:47,4,NA,NaN,NaN,NaN,NaN,NaN,NaN,263.0965818,NaN
4/29/20 22:48,4,NA,NaN,NaN,NaN,NaN,NaN,NaN,262.973488,NaN
4/29/20 22:49,4,NA,NaN,NaN,NaN,NaN,NaN,NaN,262.8503941,NaN
4/29/20 22:50,4,NA,NaN,NaN,NaN,NaN,NaN,NaN,262.7273003,NaN
4/29/20 22:51,4,NA,NaN,NaN,NaN,NaN,NaN,NaN,262.6042064,NaN
4/29/20 22:52,4,NA,NaN,NaN,NaN,NaN,NaN,NaN,262.4811126,NaN
4/29/20 22:53,4,NA,NaN,NaN,NaN,NaN,NaN,NaN,262.3580187,NaN
4/29/20 22:54,4,NA,NaN,NaN,NaN,NaN,NaN,NaN,262.2349248,NaN
4/29/20 22:55,4,NA,NaN,NaN,NaN,NaN,NaN,NaN,262.111831,NaN
4/29/20 22:56,4,NA,NaN,NaN,NaN,NaN,NaN,NaN,261.9887371,NaN
4/29/20 22:57,4,NA,NaN,NaN,NaN,NaN,NaN,NaN,261.8656433,NaN
4/29/20 22:58,4,NA,NaN,NaN,NaN,NaN,NaN,NaN,261.7425494,NaN
4/29/20 22:59,4,NA,NaN,NaN,NaN,NaN,NaN,NaN,261.6194556,NaN
4/29/20 23:00,4,NA,NaN,NaN,NaN,NaN,NaN,NaN,261.4963617,NaN
4/29/20 23:01,4,NA,NaN,NaN,NaN,NaN,NaN,NaN,261.3732679,NaN
4/29/20 23:02,4,NA,NaN,NaN,NaN,NaN,NaN,NaN,261.250174,NaN
4/29/20 23:03,4,NA,NaN,NaN,NaN,NaN,NaN,NaN,261.1270802,NaN
4/29/20 23:04,4,NA,NaN,NaN,NaN,NaN,NaN,NaN,261.0039863,NaN
4/29/20 23:05,4,NA,NaN,NaN,NaN,NaN,NaN,NaN,260.8808924,NaN
4/29/20 23:06,4,NA,NaN,NaN,NaN,NaN,NaN,NaN,260.7577986,NaN
4/29/20 23:07,4,NA,NaN,NaN,NaN,NaN,NaN,NaN,260.6347047,NaN
4/29/20 23:08,4,NA,NaN,NaN,NaN,NaN,NaN,NaN,260.548655,NaN
4/29/20 23:09,4,NA,NaN,NaN,NaN,NaN,NaN,NaN,260.4942647,NaN
4/29/20 23:10,4,NA,NaN,NaN,NaN,NaN,NaN,NaN,260.4398744,NaN
4/29/20 23:11,4,NA,NaN,NaN,NaN,NaN,NaN,NaN,260.3854841,NaN
4/29/20 23:12,4,NA,NaN,NaN,NaN,NaN,NaN,NaN,260.3310938,NaN
4/29/20 23:13,4,NA,NaN,NaN,NaN,NaN,NaN,NaN,260.2767035,NaN
4/29/20 23:14,4,NA,NaN,NaN,NaN,NaN,NaN,NaN,260.2223132,NaN
4/29/20 23:15,4,NA,NaN,NaN,NaN,NaN,NaN,NaN,260.1679229,NaN
4/29/20 23:16,4,NA,NaN,NaN,NaN,NaN,NaN,NaN,260.1135326,NaN
4/29/20 23:17,4,NA,NaN,NaN,NaN,NaN,NaN,NaN,260.0591423,NaN
4/29/20 23:18,4,NA,NaN,NaN,NaN,NaN,NaN,NaN,260.0047519,NaN
4/29/20 23:19,4,NA,NaN,NaN,NaN,NaN,NaN,NaN,259.9503616,NaN
4/29/20 23:20,4,NA,NaN,NaN,NaN,NaN,NaN,NaN,259.8959713,NaN
4/29/20 23:21,4,NA,NaN,NaN,NaN,NaN,NaN,NaN,259.841581,NaN
4/29/20 23:22,4,NA,NaN,NaN,NaN,NaN,NaN,NaN,259.7871907,NaN
4/29/20 23:23,4,NA,NaN,NaN,NaN,NaN,NaN,NaN,259.7390252,NaN
4/29/20 23:24,4,NA,NaN,NaN,NaN,NaN,NaN,NaN,259.9804481,NaN
4/29/20 23:25,4,NA,NaN,NaN,NaN,NaN,NaN,NaN,260.2218708,NaN
4/29/20 23:26,4,NA,NaN,NaN,NaN,NaN,NaN,NaN,260.4632936,NaN
4/29/20 23:27,4,NA,NaN,NaN,NaN,NaN,NaN,NaN,260.7047164,NaN
4/29/20 23:28,4,NA,NaN,NaN,NaN,NaN,NaN,NaN,260.9461392,NaN
4/29/20 23:29,4,NA,NaN,NaN,NaN,NaN,NaN,NaN,261.187562,NaN
4/29/20 23:30,4,NA,NaN,NaN,NaN,NaN,NaN,NaN,261.4289848,NaN
4/29/20 23:31,4,NA,NaN,NaN,NaN,NaN,NaN,NaN,261.6704075,NaN
4/29/20 23:32,4,NA,NaN,NaN,NaN,NaN,NaN,NaN,261.9118304,NaN
4/29/20 23:33,4,NA,NaN,NaN,NaN,NaN,NaN,NaN,262.1532531,NaN
4/29/20 23:34,4,NA,NaN,NaN,NaN,NaN,NaN,NaN,262.3946759,NaN
4/29/20 23:35,4,NA,NaN,NaN,NaN,NaN,NaN,NaN,262.6360987,NaN
4/29/20 23:36,4,NA,NaN,NaN,NaN,NaN,NaN,NaN,262.8775215,NaN
4/29/20 21:12,5,NA,NaN,NaN,NaN,NaN,NaN,NaN,289.2503356,NaN
4/29/20 21:13,5,NA,NaN,NaN,NaN,NaN,NaN,NaN,289.0305842,NaN
4/29/20 21:14,5,NA,NaN,NaN,NaN,NaN,NaN,NaN,288.8108327,NaN
4/29/20 21:15,5,NA,NaN,NaN,NaN,NaN,NaN,NaN,288.5910813,NaN
4/29/20 21:16,5,NA,NaN,NaN,NaN,NaN,NaN,NaN,288.3713299,NaN
4/29/20 21:17,5,NA,NaN,NaN,NaN,NaN,NaN,NaN,288.1515784,NaN
4/29/20 21:18,5,NA,NaN,NaN,NaN,NaN,NaN,NaN,287.931827,NaN
4/29/20 21:19,5,NA,NaN,NaN,NaN,NaN,NaN,NaN,287.7120755,NaN
4/29/20 21:20,5,NA,NaN,NaN,NaN,NaN,NaN,NaN,287.4923241,NaN
4/29/20 21:21,5,NA,NaN,NaN,NaN,NaN,NaN,NaN,287.2725726,NaN
4/29/20 21:22,5,NA,NaN,NaN,NaN,NaN,NaN,NaN,287.0528212,NaN
4/29/20 21:23,5,NA,NaN,NaN,NaN,NaN,NaN,NaN,286.8330697,NaN
4/29/20 21:24,5,NA,NaN,NaN,NaN,NaN,NaN,NaN,286.6133183,NaN
4/29/20 21:25,5,NA,NaN,NaN,NaN,NaN,NaN,NaN,286.3935668,NaN
4/29/20 21:26,5,NA,NaN,NaN,NaN,NaN,NaN,NaN,286.1738154,NaN
4/29/20 21:27,5,NA,NaN,NaN,NaN,NaN,NaN,NaN,285.954064,NaN
4/29/20 21:28,5,NA,NaN,NaN,NaN,NaN,NaN,NaN,285.7343125,NaN
4/29/20 21:29,5,NA,NaN,NaN,NaN,NaN,NaN,NaN,285.5145611,NaN
4/29/20 21:30,5,NA,NaN,NaN,NaN,NaN,NaN,NaN,285.2948096,NaN
4/29/20 21:31,5,NA,NaN,NaN,NaN,NaN,NaN,NaN,285.0750582,NaN
4/29/20 21:32,5,NA,NaN,NaN,NaN,NaN,NaN,NaN,284.8553067,NaN
4/29/20 21:33,5,NA,NaN,NaN,NaN,NaN,NaN,NaN,284.6355553,NaN
4/29/20 21:34,5,NA,NaN,NaN,NaN,NaN,NaN,NaN,284.4158038,NaN
4/29/20 21:35,5,NA,NaN,NaN,NaN,NaN,NaN,NaN,284.1960524,NaN
4/29/20 21:36,5,NA,NaN,NaN,NaN,NaN,NaN,NaN,283.9763009,NaN
4/29/20 21:37,5,NA,NaN,NaN,NaN,NaN,NaN,NaN,283.7565495,NaN
4/29/20 21:38,5,NA,NaN,NaN,NaN,NaN,NaN,NaN,283.5367981,NaN
4/29/20 21:39,5,NA,NaN,NaN,NaN,NaN,NaN,NaN,283.3807144,NaN
4/29/20 21:40,5,NA,NaN,NaN,NaN,NaN,NaN,NaN,283.4412002,NaN
4/29/20 21:41,5,NA,NaN,NaN,NaN,NaN,NaN,NaN,283.5016859,NaN
4/29/20 21:42,5,NA,NaN,NaN,NaN,NaN,NaN,NaN,283.5621717,NaN
4/29/20 21:43,5,NA,NaN,NaN,NaN,NaN,NaN,NaN,283.6226575,NaN
4/29/20 21:44,5,NA,NaN,NaN,NaN,NaN,NaN,NaN,283.6831433,NaN
4/29/20 21:45,5,NA,NaN,NaN,NaN,NaN,NaN,NaN,283.743629,NaN
4/29/20 21:46,5,NA,NaN,NaN,NaN,NaN,NaN,NaN,283.8041148,NaN
4/29/20 21:47,5,NA,NaN,NaN,NaN,NaN,NaN,NaN,283.8646006,NaN
4/29/20 21:48,5,NA,NaN,NaN,NaN,NaN,NaN,NaN,283.9250864,NaN
4/29/20 21:49,5,NA,NaN,NaN,NaN,NaN,NaN,NaN,283.9855721,NaN
4/29/20 21:50,5,NA,NaN,NaN,NaN,NaN,NaN,NaN,284.0460579,NaN
4/29/20 21:51,5,NA,NaN,NaN,NaN,NaN,NaN,NaN,284.1065437,NaN
4/29/20 21:52,5,NA,NaN,NaN,NaN,NaN,NaN,NaN,284.1670294,NaN
4/29/20 21:53,5,NA,NaN,NaN,NaN,NaN,NaN,NaN,284.2275152,NaN
4/29/20 21:54,5,NA,NaN,NaN,NaN,NaN,NaN,NaN,284.288001,NaN
4/29/20 21:55,5,NA,NaN,NaN,NaN,NaN,NaN,NaN,284.3484868,NaN
4/29/20 21:56,5,NA,NaN,NaN,NaN,NaN,NaN,NaN,284.4089725,NaN
4/29/20 21:57,5,NA,NaN,NaN,NaN,NaN,NaN,NaN,284.4694583,NaN
4/29/20 21:58,5,NA,NaN,NaN,NaN,NaN,NaN,NaN,284.5299441,NaN
4/29/20 21:59,5,NA,NaN,NaN,NaN,NaN,NaN,NaN,284.5904299,NaN
4/29/20 22:00,5,NA,NaN,NaN,NaN,NaN,NaN,NaN,284.6509156,NaN
4/29/20 22:01,5,NA,NaN,NaN,NaN,NaN,NaN,NaN,284.7114014,NaN
4/29/20 22:02,5,NA,NaN,NaN,NaN,NaN,NaN,NaN,284.7718872,NaN
4/29/20 22:03,5,NA,NaN,NaN,NaN,NaN,NaN,NaN,284.832373,NaN
4/29/20 22:04,5,NA,NaN,NaN,NaN,NaN,NaN,NaN,284.8928587,NaN
4/29/20 22:05,5,NA,NaN,NaN,NaN,NaN,NaN,NaN,284.9533445,NaN
4/29/20 22:06,5,NA,NaN,NaN,NaN,NaN,NaN,NaN,285.0138303,NaN
4/29/20 22:07,5,NA,NaN,NaN,NaN,NaN,NaN,NaN,285.0743161,NaN
4/29/20 22:08,5,NA,NaN,NaN,NaN,NaN,NaN,NaN,285.1348018,NaN
4/29/20 22:09,5,NA,NaN,NaN,NaN,NaN,NaN,NaN,285.1952876,NaN
4/29/20 22:10,5,NA,NaN,NaN,NaN,NaN,NaN,NaN,285.2557734,NaN
4/29/20 22:11,5,NA,NaN,NaN,NaN,NaN,NaN,NaN,285.3162591,NaN
4/29/20 22:12,5,NA,NaN,NaN,NaN,NaN,NaN,NaN,285.3767449,NaN
4/29/20 22:13,5,NA,NaN,NaN,NaN,NaN,NaN,NaN,285.4372307,NaN
4/29/20 22:14,5,NA,NaN,NaN,NaN,NaN,NaN,NaN,285.4977165,NaN
4/29/20 22:15,5,NA,NaN,NaN,NaN,NaN,NaN,NaN,285.5582022,NaN
4/29/20 22:16,5,NA,NaN,NaN,NaN,NaN,NaN,NaN,285.618688,NaN
4/29/20 22:17,5,NA,NaN,NaN,NaN,NaN,NaN,NaN,285.6791738,NaN
4/29/20 22:18,5,NA,NaN,NaN,NaN,NaN,NaN,NaN,285.7396596,NaN
4/29/20 22:19,5,NA,NaN,NaN,NaN,NaN,NaN,NaN,285.8001453,NaN
4/29/20 22:20,5,NA,NaN,NaN,NaN,NaN,NaN,NaN,285.8606311,NaN
4/29/20 22:21,5,NA,NaN,NaN,NaN,NaN,NaN,NaN,286.045978,NaN
4/29/20 22:22,5,NA,NaN,NaN,NaN,NaN,NaN,NaN,286.4492165,NaN
4/29/20 22:23,5,NA,NaN,NaN,NaN,NaN,NaN,NaN,286.852455,NaN
4/29/20 22:24,5,NA,NaN,NaN,NaN,NaN,NaN,NaN,287.2556935,NaN
4/29/20 22:25,5,NA,NaN,NaN,NaN,NaN,NaN,NaN,287.658932,NaN
4/29/20 22:26,5,NA,NaN,NaN,NaN,NaN,NaN,NaN,288.0621705,NaN
4/29/20 22:27,5,NA,NaN,NaN,NaN,NaN,NaN,NaN,288.465409,NaN
4/29/20 22:28,5,NA,NaN,NaN,NaN,NaN,NaN,NaN,288.8686474,NaN
4/29/20 22:29,5,NA,NaN,NaN,NaN,NaN,NaN,NaN,289.271886,NaN
4/29/20 22:30,5,NA,NaN,NaN,NaN,NaN,NaN,NaN,289.6751244,NaN
4/29/20 22:31,5,NA,NaN,NaN,NaN,NaN,NaN,NaN,290.078363,NaN
4/29/20 22:32,5,NA,NaN,NaN,NaN,NaN,NaN,NaN,289.9404111,NaN
4/29/20 22:33,5,NA,NaN,NaN,NaN,NaN,NaN,NaN,289.7413658,NaN
4/29/20 22:34,5,NA,NaN,NaN,NaN,NaN,NaN,NaN,289.5423204,NaN
4/29/20 22:35,5,NA,NaN,NaN,NaN,NaN,NaN,NaN,289.343275,NaN
4/29/20 22:36,5,NA,NaN,NaN,NaN,NaN,NaN,NaN,289.1442296,NaN
4/29/20 22:37,5,NA,NaN,NaN,NaN,NaN,NaN,NaN,288.9451842,NaN
4/29/20 22:38,5,NA,NaN,NaN,NaN,NaN,NaN,NaN,288.7461388,NaN
4/29/20 22:39,5,NA,NaN,NaN,NaN,NaN,NaN,NaN,288.5470935,NaN
4/29/20 22:40,5,NA,NaN,NaN,NaN,NaN,NaN,NaN,288.4788487,NaN
4/29/20 22:41,5,NA,NaN,NaN,NaN,NaN,NaN,NaN,288.5929357,NaN
4/29/20 22:42,5,NA,NaN,NaN,NaN,NaN,NaN,NaN,288.7070227,NaN
4/29/20 22:43,5,NA,NaN,NaN,NaN,NaN,NaN,NaN,288.8211097,NaN
4/29/20 22:44,5,NA,NaN,NaN,NaN,NaN,NaN,NaN,288.9351967,NaN
4/29/20 22:45,5,NA,NaN,NaN,NaN,NaN,NaN,NaN,289.0492836,NaN
4/29/20 22:46,5,NA,NaN,NaN,NaN,NaN,NaN,NaN,289.1633706,NaN
4/29/20 22:47,5,NA,NaN,NaN,NaN,NaN,NaN,NaN,289.2768182,NaN
4/29/20 22:48,5,NA,NaN,NaN,NaN,NaN,NaN,NaN,289.3581672,NaN
4/29/20 22:49,5,NA,NaN,NaN,NaN,NaN,NaN,NaN,289.4395162,NaN
4/29/20 22:50,5,NA,NaN,NaN,NaN,NaN,NaN,NaN,289.5208651,NaN
4/29/20 22:51,5,NA,NaN,NaN,NaN,NaN,NaN,NaN,289.6022141,NaN
4/29/20 22:52,5,NA,NaN,NaN,NaN,NaN,NaN,NaN,289.6835631,NaN
4/29/20 22:53,5,NA,NaN,NaN,NaN,NaN,NaN,NaN,289.7649121,NaN
4/29/20 22:54,5,NA,NaN,NaN,NaN,NaN,NaN,NaN,289.8462611,NaN
4/29/20 22:55,5,NA,NaN,NaN,NaN,NaN,NaN,NaN,289.9276101,NaN
4/29/20 22:56,5,NA,NaN,NaN,NaN,NaN,NaN,NaN,290.008959,NaN
4/29/20 22:57,5,NA,NaN,NaN,NaN,NaN,NaN,NaN,290.090308,NaN
4/29/20 22:58,5,NA,NaN,NaN,NaN,NaN,NaN,NaN,289.8021629,NaN
4/29/20 22:59,5,NA,NaN,NaN,NaN,NaN,NaN,NaN,289.3097875,NaN
4/29/20 23:00,5,NA,NaN,NaN,NaN,NaN,NaN,NaN,289.0155718,NaN
4/29/20 23:01,5,NA,NaN,NaN,NaN,NaN,NaN,NaN,288.7363141,NaN
4/29/20 23:02,5,NA,NaN,NaN,NaN,NaN,NaN,NaN,288.4570563,NaN
4/29/20 23:03,5,NA,NaN,NaN,NaN,NaN,NaN,NaN,288.1777987,NaN
4/29/20 23:04,5,NA,NaN,NaN,NaN,NaN,NaN,NaN,287.898541,NaN
4/29/20 23:05,5,NA,NaN,NaN,NaN,NaN,NaN,NaN,287.6192833,NaN
4/29/20 23:06,5,NA,NaN,NaN,NaN,NaN,NaN,NaN,288.0470931,NaN
4/29/20 23:07,5,NA,NaN,NaN,NaN,NaN,NaN,NaN,288.5668227,NaN
4/29/20 23:08,5,NA,NaN,NaN,NaN,NaN,NaN,NaN,289.0865523,NaN
4/29/20 23:09,5,NA,NaN,NaN,NaN,NaN,NaN,NaN,289.6062819,NaN
4/29/20 23:10,5,NA,NaN,NaN,NaN,NaN,NaN,NaN,290.1260115,NaN
4/29/20 23:11,5,NA,NaN,NaN,NaN,NaN,NaN,NaN,290.6457412,NaN
4/29/20 23:12,5,NA,NaN,NaN,NaN,NaN,NaN,NaN,291.1654708,NaN
4/29/20 23:13,5,NA,NaN,NaN,NaN,NaN,NaN,NaN,291.6852003,NaN
4/29/20 23:14,5,NA,NaN,NaN,NaN,NaN,NaN,NaN,292.0825945,NaN
4/29/20 23:15,5,NA,NaN,NaN,NaN,NaN,NaN,NaN,292.4424072,NaN
4/29/20 23:16,5,NA,NaN,NaN,NaN,NaN,NaN,NaN,292.8022201,NaN
4/29/20 23:17,5,NA,NaN,NaN,NaN,NaN,NaN,NaN,293.1620329,NaN
4/29/20 23:18,5,NA,NaN,NaN,NaN,NaN,NaN,NaN,293.5717743,NaN
4/29/20 23:19,5,NA,NaN,NaN,NaN,NaN,NaN,NaN,294.6112336,NaN
4/29/20 23:20,5,NA,NaN,NaN,NaN,NaN,NaN,NaN,295.6506927,NaN
4/29/20 23:21,5,NA,NaN,NaN,NaN,NaN,NaN,NaN,296.6901519,NaN
4/29/20 23:22,5,NA,NaN,NaN,NaN,NaN,NaN,NaN,296.8715596,NaN
4/29/20 23:23,5,NA,NaN,NaN,NaN,NaN,NaN,NaN,296.8715596,NaN